country,year,iso_code,population,cement_co2,cement_co2_per_capita,co2,co2_growth_abs,co2_growth_prct,co2_including_luc,co2_including_luc_growth_abs,co2_including_luc_growth_prct,co2_including_luc_per_capita,co2_including_luc_per_unit_energy,co2_per_capita,co2_per_unit_energy,coal_co2,coal_co2_per_capita,cumulative_cement_co2,cumulative_co2,cumulative_co2_including_luc,cumulative_coal_co2,cumulative_flaring_co2,cumulative_gas_co2,cumulative_luc_co2,cumulative_oil_co2,energy_per_capita,flaring_co2,flaring_co2_per_capita,gas_co2,gas_co2_per_capita,land_use_change_co2,land_use_change_co2_per_capita,oil_co2,oil_co2_per_capita,primary_energy_consumption,share_global_cement_co2,share_global_co2,share_global_co2_including_luc,share_global_coal_co2,share_global_cumulative_cement_co2,share_global_cumulative_co2,share_global_cumulative_co2_including_luc,share_global_cumulative_coal_co2,share_global_cumulative_flaring_co2,share_global_cumulative_gas_co2,share_global_cumulative_luc_co2,share_global_cumulative_oil_co2,share_global_flaring_co2,share_global_gas_co2,share_global_luc_co2,share_global_oil_co2
China,1990,CHN,1153704192.0,84.513,0.073,2484.855,21.2,0.861,3852.928,-58.951,-1.507,3.34,0.485,2.154,0.313,1976.684,1.713,925.744,43404.617,85172.0,35176.438,30.613,473.096,46445.609,5646.984,6880.663,0.0,0.0,29.301,0.025,1368.074,1.186,330.291,0.286,7938.249,17.121,10.921,13.8,22.716,7.559,5.373,5.92,8.041,0.374,0.598,7.308,2.099,0.0,0.765,26.478,3.573
China,1991,CHN,1170626176.0,101.305,0.087,2606.096,121.241,4.879,3619.209,-233.719,-6.066,3.092,0.434,2.226,0.313,2049.92,1.751,1027.049,46010.711,88791.211,37226.355,30.613,503.873,47458.723,6003.011,7122.351,0.0,0.0,30.778,0.026,1013.113,0.865,356.027,0.304,8337.61,19.963,11.219,12.845,23.796,8.053,5.536,6.053,8.345,0.362,0.607,7.41,2.154,0.0,0.787,20.481,3.667
China,1992,CHN,1183813376.0,122.445,0.103,2730.788,124.691,4.785,3785.728,166.519,4.601,3.198,0.431,2.307,0.311,2114.715,1.786,1149.494,48741.5,92576.938,39341.074,30.613,534.112,48513.664,6388.804,7411.395,0.0,0.0,30.239,0.026,1054.941,0.891,385.793,0.326,8773.708,23.166,12.101,13.622,25.147,8.654,5.71,6.193,8.656,0.352,0.614,7.513,2.219,0.0,0.764,20.198,4.188
China,1993,CHN,1195855616.0,142.774,0.119,2921.651,190.863,6.989,4008.885,223.157,5.895,3.352,0.424,2.443,0.309,2228.745,1.864,1292.268,51663.152,96585.828,41569.816,30.613,569.84,49600.898,6817.353,7908.675,0.0,0.0,35.728,0.03,1087.234,0.909,428.549,0.358,9457.634,25.899,12.815,14.355,26.186,9.341,5.894,6.343,8.978,0.343,0.626,7.621,2.294,0.0,0.878,21.198,4.649
China,1994,CHN,1207286656.0,164.377,0.136,3103.739,182.088,6.232,4303.095,294.21,7.339,3.564,0.428,2.571,0.309,2380.586,1.972,1456.645,54766.887,100888.922,43950.402,34.349,611.408,50800.25,7241.064,8323.468,3.737,0.003,41.568,0.034,1199.356,0.993,423.712,0.351,10048.812,27.935,13.474,14.935,27.813,10.1,6.089,6.503,9.32,0.372,0.642,7.737,2.363,1.187,1.013,20.763,4.579
China,1995,CHN,1218144384.0,184.637,0.152,3361.637,257.898,8.309,4453.87,150.775,3.504,3.656,0.43,2.76,0.325,2569.754,2.11,1641.281,58128.523,105342.797,46520.156,38.078,653.844,51892.484,7709.294,8498.712,3.728,0.003,42.436,0.035,1092.233,0.897,468.23,0.384,10352.658,29.671,14.29,15.272,29.191,10.91,6.298,6.664,9.684,0.398,0.658,7.836,2.442,1.142,1.008,19.368,5.014
China,1996,CHN,1228298880.0,192.853,0.157,3508.818,147.181,4.378,4652.544,198.674,4.461,3.788,0.427,2.857,0.322,2660.401,2.166,1834.135,61637.344,109995.336,49180.559,43.662,698.315,53036.211,8219.917,8880.126,5.584,0.005,44.47,0.036,1143.726,0.931,510.622,0.416,10907.449,30.365,14.469,15.382,29.48,11.698,6.507,6.828,10.049,0.44,0.673,7.937,2.527,1.593,1.011,19.071,5.307
China,1997,CHN,1237801472.0,202.874,0.164,3515.594,6.776,0.193,4659.896,7.351,0.158,3.765,0.424,2.84,0.32,2609.556,2.108,2037.009,65152.938,114655.234,51790.113,49.087,742.473,54180.512,8777.878,8871.482,5.425,0.004,44.159,0.036,1144.301,0.924,557.961,0.451,10981.134,30.699,14.411,14.618,29.067,12.466,6.705,6.979,10.392,0.478,0.686,8.018,2.619,1.537,1.001,15.296,5.713
China,1998,CHN,1246836096.0,211.369,0.17,3364.587,-151.007,-4.295,4430.843,-229.052,-4.915,3.554,0.403,2.699,0.306,2444.771,1.961,2248.377,68517.523,119086.07,54234.887,53.219,792.974,55246.766,9337.141,8822.785,4.132,0.003,50.501,0.041,1066.255,0.855,559.262,0.449,11000.566,32.106,13.828,14.529,27.985,13.227,6.879,7.117,10.695,0.502,0.704,8.102,2.706,1.227,1.126,17.295,5.653
China,1999,CHN,1255433216.0,228.322,0.182,3557.275,192.687,5.727,4461.806,30.963,0.699,3.554,0.392,2.834,0.312,2580.992,2.056,2476.699,72074.797,123547.875,56815.879,57.652,847.545,56151.297,9933.892,9069.433,4.433,0.004,54.572,0.043,904.531,0.72,596.751,0.475,11386.067,33.066,14.325,14.469,29.122,14.001,7.06,7.25,11.012,0.527,0.723,8.163,2.797,1.343,1.188,15.065,5.888
China,2000,CHN,1264099072.0,244.388,0.193,3649.201,91.926,2.584,4320.913,-140.893,-3.158,3.418,0.366,2.887,0.309,2601.737,2.058,2721.087,75724.0,127868.797,59417.617,62.389,907.342,56823.008,10582.577,9334.936,4.737,0.004,59.796,0.047,671.712,0.531,648.686,0.513,11800.283,33.876,14.31,13.994,28.258,14.78,7.237,7.37,11.314,0.553,0.744,8.196,2.896,1.364,1.264,12.495,6.311
China,2001,CHN,1272739584.0,270.828,0.213,3728.513,79.313,2.173,4308.903,-12.01,-0.278,3.386,0.346,2.93,0.299,2637.655,2.072,2991.916,79452.516,132177.703,62055.27,67.171,974.499,57403.398,11241.878,9797.812,4.783,0.004,67.157,0.053,580.39,0.456,659.3,0.518,12470.062,35.921,14.522,14.03,28.487,15.612,7.412,7.486,11.611,0.578,0.769,8.22,2.992,1.424,1.412,11.524,6.366
China,2002,CHN,1280926080.0,282.688,0.221,4103.042,374.529,10.045,4596.373,287.47,6.672,3.588,0.338,3.203,0.302,3018.634,2.357,3274.604,83555.555,136774.062,65073.906,71.657,1028.492,57896.73,11894.963,10602.087,4.486,0.004,53.993,0.042,493.33,0.385,653.086,0.51,13580.49,36.155,15.632,14.53,31.171,16.417,7.608,7.61,11.96,0.6,0.781,8.228,3.081,1.381,1.101,9.161,6.318
China,2003,CHN,1288873344.0,353.679,0.274,4841.119,738.076,17.989,5362.1,765.727,16.659,4.16,0.339,3.756,0.306,3601.712,2.794,3628.283,88396.68,142136.156,68675.617,76.836,1089.238,58417.715,12622.062,12273.32,5.18,0.004,60.745,0.047,520.981,0.404,727.099,0.564,15818.756,41.125,17.509,16.015,34.228,17.438,7.851,7.763,12.382,0.625,0.797,8.233,3.182,1.503,1.195,8.931,6.848
China,2004,CHN,1296816768.0,368.396,0.284,5217.351,376.232,7.772,5825.695,463.596,8.646,4.492,0.315,4.023,0.282,3835.288,2.957,3996.679,93614.023,147961.875,72510.906,82.028,1160.759,59026.055,13461.154,14272.745,5.192,0.004,71.521,0.055,608.344,0.469,839.093,0.647,18509.135,40.998,18.23,17.127,35.262,18.414,8.108,7.934,12.822,0.649,0.817,8.256,3.301,1.515,1.36,11.279,7.621
China,2005,CHN,1304887552.0,411.649,0.315,5882.143,664.792,12.742,6268.588,442.893,7.602,4.804,0.298,4.508,0.28,4424.39,3.391,4408.328,99496.164,154230.453,76935.289,87.616,1245.716,59412.5,14311.327,16114.158,5.588,0.004,84.957,0.065,386.445,0.296,850.173,0.652,21027.164,42.705,19.877,18.178,38.294,19.447,8.403,8.12,13.332,0.675,0.845,8.254,3.417,1.606,1.581,7.9,7.653
China,2006,CHN,1313086592.0,470.087,0.358,6494.338,612.195,10.408,6898.949,630.36,10.056,5.254,0.299,4.946,0.282,4905.374,3.736,4878.415,105990.508,161129.391,81840.672,93.15,1349.469,59817.113,15209.861,17552.816,5.534,0.004,103.753,0.079,404.611,0.308,898.534,0.684,23048.367,44.713,21.219,19.249,40.211,20.566,8.725,8.326,13.889,0.699,0.882,8.25,3.537,1.592,1.872,7.729,8.015
China,2007,CHN,1321513216.0,514.981,0.39,6983.577,489.239,7.533,7342.994,444.045,6.436,5.557,0.293,5.285,0.279,5289.904,4.003,5393.396,112974.086,168472.391,87130.57,98.115,1478.985,60176.527,16137.212,18955.008,4.965,0.004,129.515,0.098,359.417,0.272,927.351,0.702,25049.293,45.607,22.17,20.366,41.364,21.704,9.065,8.546,14.472,0.718,0.932,8.248,3.657,1.446,2.26,7.889,8.244
China,2008,CHN,1330167168.0,525.924,0.395,7501.498,517.921,7.416,7854.141,511.147,6.961,5.905,0.302,5.64,0.288,5729.474,4.307,5919.32,120475.586,176326.547,92860.047,102.781,1628.659,60529.172,17107.328,19560.699,4.666,0.004,149.674,0.113,352.643,0.265,970.117,0.729,26019.0,45.998,23.412,21.353,43.393,22.773,9.425,8.781,15.093,0.734,0.99,8.243,3.78,1.394,2.539,7.438,8.657
China,2009,CHN,1339125632.0,583.56,0.436,7891.089,389.592,5.194,8248.937,394.796,5.027,6.16,0.304,5.893,0.291,6028.5,4.502,6502.88,128366.672,184575.469,98888.547,107.337,1793.063,60887.02,18089.676,20281.068,4.557,0.003,164.404,0.123,357.847,0.267,982.348,0.734,27158.898,49.647,25.056,22.459,46.255,23.936,9.801,9.027,15.739,0.749,1.053,8.233,3.903,1.379,2.86,6.834,8.962
China,2010,CHN,1348191360.0,639.592,0.474,8620.627,729.538,9.245,8631.894,382.958,4.643,6.403,0.297,6.394,0.297,6568.793,4.872,7142.472,136987.297,193207.375,105457.336,111.311,1992.648,60898.289,19182.248,21551.547,3.974,0.003,199.585,0.148,11.268,0.008,1092.572,0.81,29055.609,50.969,25.883,22.43,47.119,25.129,10.2,9.274,16.42,0.758,1.129,8.177,4.04,1.164,3.223,0.218,9.643
China,2011,CHN,1357095424.0,708.564,0.522,9532.409,911.782,10.577,9593.182,961.287,11.136,7.069,0.306,7.024,0.304,7309.786,5.386,7851.037,146519.703,202800.547,112767.125,115.165,2238.638,60959.059,20306.107,23090.885,3.853,0.003,245.99,0.181,60.772,0.045,1123.859,0.828,31336.535,52.518,27.681,24.192,49.621,26.37,10.637,9.553,17.165,0.766,1.224,8.128,4.177,1.072,3.86,1.165,9.903
China,2012,CHN,1366560768.0,714.782,0.523,9779.354,246.946,2.591,9837.238,244.057,2.544,7.199,0.302,7.156,0.3,7464.806,5.462,8565.818,156299.062,212637.797,120231.93,118.897,2516.237,61016.941,21482.82,23873.234,3.733,0.003,277.599,0.203,57.883,0.042,1176.712,0.861,32624.225,51.64,27.993,24.422,50.111,27.493,11.066,9.83,17.895,0.771,1.329,8.078,4.317,0.989,4.269,1.083,10.234
China,2013,CHN,1376100352.0,748.323,0.544,9956.376,177.021,1.81,10002.81,165.572,1.683,7.269,0.295,7.235,0.294,7493.454,5.445,9314.142,166255.438,222640.609,127725.391,122.53,2836.365,61063.375,22717.441,24600.359,3.632,0.003,320.127,0.233,46.434,0.034,1234.622,0.897,33852.562,51.862,28.259,24.95,49.993,28.572,11.484,10.105,18.596,0.775,1.448,8.033,4.461,0.942,4.898,0.956,10.658
China,2014,CHN,1385189632.0,778.627,0.562,9998.674,42.298,0.425,10441.911,439.101,4.39,7.538,0.301,7.218,0.288,7425.067,5.36,10092.769,176254.109,233082.5,135150.453,126.46,3206.586,61506.613,23973.047,25072.023,3.93,0.003,370.222,0.267,443.237,0.32,1255.605,0.906,34729.508,51.926,28.192,25.668,49.48,29.599,11.884,10.387,19.256,0.781,1.583,8.036,4.603,1.016,5.57,8.5,10.804
China,2015,CHN,1393715456.0,721.995,0.518,9866.951,-131.722,-1.317,10242.954,-198.957,-1.905,7.349,0.292,7.08,0.281,7266.979,5.214,10814.763,186121.062,243325.469,142417.422,130.361,3586.639,61882.613,25301.852,25209.49,3.901,0.003,380.052,0.273,376.002,0.27,1328.805,0.953,35134.855,49.984,27.823,24.926,49.563,30.427,12.256,10.649,19.876,0.787,1.713,8.026,4.749,1.015,5.603,6.678,11.18
China,2016,CHN,1401889664.0,743.044,0.53,9765.029,-101.923,-1.033,9978.354,-264.6,-2.583,7.118,0.283,6.966,0.277,7071.404,5.044,11557.807,195886.094,253303.812,149488.828,133.452,4008.365,62095.941,26659.688,25164.803,3.09,0.002,421.726,0.301,213.326,0.152,1357.838,0.969,35278.277,50.108,27.538,24.909,49.362,31.215,12.605,10.894,20.454,0.788,1.853,8.006,4.894,0.826,6.051,4.639,11.309
China,2017,CHN,1410275968.0,758.185,0.538,10011.151,246.122,2.52,10472.555,494.2,4.953,7.426,0.286,7.099,0.273,7163.318,5.079,12315.993,205897.234,263776.375,156652.156,136.421,4494.724,62557.344,28090.275,25987.611,2.969,0.002,486.359,0.345,461.403,0.327,1430.587,1.014,36649.703,50.393,27.789,25.801,49.437,31.964,12.949,11.15,21.018,0.787,2.012,8.018,5.043,0.766,6.83,10.107,11.707
China,2018,CHN,1417069440.0,786.745,0.555,10353.935,342.783,3.424,11050.448,577.893,5.518,7.798,0.288,7.307,0.27,7316.4,5.163,13102.737,216251.172,274826.812,163968.547,139.829,5070.093,63253.855,29590.75,27109.42,3.408,0.002,575.369,0.406,696.514,0.492,1500.474,1.059,38415.93,50.245,28.161,26.918,49.686,32.678,13.293,11.419,21.573,0.788,2.196,8.063,5.198,0.837,7.674,16.254,12.231
China,2019,CHN,1421864064.0,826.876,0.582,10721.042,367.108,3.546,11471.032,420.584,3.806,8.068,0.285,7.54,0.267,7523.17,5.291,13929.613,226972.219,286297.844,171491.719,143.668,5700.265,64003.848,31150.477,28277.445,3.839,0.003,630.171,0.443,749.99,0.527,1559.728,1.097,40206.684,51.175,28.944,27.55,51.233,33.394,13.641,11.693,22.135,0.79,2.39,8.111,5.356,0.882,8.268,16.313,12.601
China,2020,CHN,1424929792.0,858.233,0.602,10914.012,192.97,1.8,11743.429,272.396,2.375,8.241,0.283,7.659,0.263,7679.546,5.389,14787.846,237886.219,298041.281,179171.266,148.838,6376.738,64833.266,32673.529,29133.936,5.17,0.004,676.473,0.475,829.416,0.582,1523.052,1.069,41513.812,52.554,31.176,29.879,53.983,34.116,14.002,11.981,22.709,0.801,2.591,8.172,5.514,1.297,8.954,19.31,13.973
China,2021,CHN,1425893504.0,851.974,0.598,11336.233,422.221,3.869,12240.529,497.101,4.233,8.584,0.279,7.95,0.258,7979.436,5.596,15639.82,249222.469,310281.781,187150.719,153.651,7140.84,65737.562,34237.902,30768.826,4.812,0.003,764.102,0.536,904.296,0.634,1564.37,1.097,43873.07,50.341,30.791,29.755,53.258,34.726,14.358,12.27,23.279,0.81,2.811,8.241,5.668,1.193,9.645,20.925,13.586
China,2022,CHN,1425887360.0,763.365,0.535,11396.777,60.544,0.534,12378.281,137.752,1.125,8.681,0.28,7.993,0.257,8250.736,5.786,16403.186,260619.234,322660.094,195401.453,158.329,7896.012,66719.062,35689.184,31051.48,4.678,0.003,755.172,0.53,981.504,0.688,1451.287,1.018,44275.914,47.548,30.678,29.856,54.212,35.167,14.7,12.553,23.854,0.817,3.016,8.319,5.795,1.177,9.746,22.773,12.218
India,1990,IND,870452160.0,22.348,0.026,577.996,37.345,6.907,751.895,40.486,5.691,0.864,0.327,0.664,0.251,366.514,0.421,320.033,11005.426,47082.707,8012.681,87.232,127.148,38771.742,2458.331,2643.11,9.871,0.011,21.097,0.024,173.899,0.2,158.167,0.182,2300.701,4.527,2.54,2.693,4.212,2.613,1.362,3.272,1.832,1.067,0.161,6.101,0.914,3.814,0.551,3.366,1.711
India,1991,IND,888941760.0,24.503,0.028,615.365,37.369,6.465,750.938,-0.957,-0.127,0.845,0.309,0.692,0.253,393.043,0.442,344.536,11620.79,47833.648,8405.724,95.066,150.711,38907.309,2624.753,2730.958,7.834,0.009,23.563,0.027,135.573,0.153,166.423,0.187,2427.663,4.828,2.649,2.665,4.563,2.701,1.398,3.261,1.884,1.125,0.181,6.075,0.942,2.859,0.603,2.741,1.714
India,1992,IND,907574080.0,25.156,0.028,655.447,40.082,6.514,822.253,71.315,9.497,0.906,0.322,0.722,0.257,411.414,0.453,369.693,12276.237,48655.902,8817.138,98.631,177.967,39074.121,2812.808,2812.742,3.565,0.004,27.256,0.03,166.806,0.184,188.055,0.207,2552.772,4.759,2.904,2.959,4.892,2.783,1.438,3.255,1.94,1.135,0.205,6.051,0.977,1.473,0.688,3.194,2.042
India,1993,IND,926351296.0,26.602,0.029,677.299,21.852,3.334,807.224,-15.029,-1.828,0.871,0.309,0.731,0.259,433.121,0.468,396.295,12953.536,49463.125,9250.259,102.332,204.964,39204.039,2999.687,2824.25,3.701,0.004,26.996,0.029,129.925,0.14,186.879,0.202,2616.248,4.826,2.971,2.89,5.089,2.865,1.478,3.248,1.998,1.146,0.225,6.024,1.01,1.581,0.664,2.533,2.027
India,1994,IND,945261952.0,28.54,0.03,714.064,36.764,5.428,832.41,25.186,3.12,0.881,0.302,0.755,0.259,455.72,0.482,424.835,13667.601,50295.535,9705.979,104.183,233.961,39322.391,3198.642,2916.78,1.852,0.002,28.997,0.031,118.346,0.125,198.955,0.21,2757.121,4.85,3.1,2.889,5.324,2.946,1.519,3.242,2.058,1.127,0.246,5.989,1.044,0.588,0.707,2.049,2.15
India,1995,IND,964279104.0,31.104,0.032,760.462,46.398,6.498,844.724,12.314,1.479,0.876,0.285,0.789,0.257,471.723,0.489,455.939,14428.062,51140.258,10177.702,106.487,273.011,39406.648,3414.923,3072.884,2.303,0.002,39.051,0.04,84.262,0.087,216.281,0.224,2963.118,4.998,3.233,2.896,5.359,3.031,1.563,3.235,2.119,1.113,0.275,5.95,1.082,0.705,0.928,1.494,2.316
India,1996,IND,983281216.0,34.079,0.035,823.621,63.159,8.305,986.403,141.679,16.772,1.003,0.32,0.838,0.267,504.498,0.513,490.018,15251.683,52126.664,10682.2,108.623,312.758,39569.434,3658.083,3134.029,2.136,0.002,39.747,0.04,162.783,0.166,243.16,0.247,3081.631,5.366,3.396,3.261,5.59,3.125,1.61,3.236,2.183,1.095,0.301,5.921,1.124,0.609,0.904,2.714,2.527
India,1997,IND,1002335232.0,37.418,0.037,858.011,34.391,4.176,959.593,-26.81,-2.718,0.957,0.295,0.856,0.264,527.722,0.526,527.436,16109.694,53086.254,11209.922,111.268,358.782,39671.016,3902.286,3244.433,2.645,0.003,46.024,0.046,101.582,0.101,244.202,0.244,3252.01,5.662,3.517,3.01,5.878,3.228,1.658,3.231,2.249,1.083,0.332,5.871,1.164,0.75,1.043,1.358,2.5
India,1998,IND,1021434560.0,39.026,0.038,875.772,17.761,2.07,970.564,10.97,1.143,0.95,0.281,0.857,0.254,524.125,0.513,566.463,16985.465,54056.816,11734.048,113.401,406.377,39765.809,4165.178,3377.11,2.133,0.002,47.595,0.047,94.791,0.093,262.892,0.257,3449.497,5.928,3.599,3.183,6.0,3.332,1.705,3.231,2.314,1.069,0.361,5.832,1.207,0.634,1.061,1.538,2.657
India,1999,IND,1040500032.0,44.592,0.043,950.46,74.687,8.528,1035.574,65.01,6.698,0.995,0.292,0.913,0.268,560.528,0.539,611.055,17935.926,55092.391,12294.575,115.449,448.693,39850.922,4466.153,3411.33,2.048,0.002,42.316,0.041,85.114,0.082,300.976,0.289,3549.489,6.458,3.827,3.358,6.325,3.454,1.757,3.233,2.383,1.056,0.383,5.793,1.258,0.62,0.921,1.418,2.97
India,2000,IND,1059633664.0,45.957,0.043,977.526,27.067,2.848,1168.695,133.121,12.855,1.103,0.313,0.923,0.262,572.876,0.541,657.012,18913.451,56261.086,12867.451,117.423,492.565,40042.09,4779.001,3518.682,1.973,0.002,43.873,0.041,191.169,0.18,312.847,0.295,3728.514,6.37,3.833,3.785,6.222,3.569,1.808,3.243,2.45,1.041,0.404,5.776,1.308,0.568,0.927,3.556,3.044
India,2001,IND,1078970880.0,46.74,0.043,990.97,13.443,1.375,1132.352,-36.343,-3.11,1.049,0.302,0.918,0.265,582.083,0.539,703.752,19904.422,57393.438,13449.533,119.28,536.134,40183.473,5095.723,3469.836,1.857,0.002,43.569,0.04,141.383,0.131,316.721,0.294,3743.853,6.199,3.86,3.687,6.286,3.672,1.857,3.25,2.517,1.026,0.423,5.754,1.356,0.553,0.916,2.807,3.058
India,2002,IND,1098313088.0,49.111,0.045,1021.664,30.695,3.097,1108.092,-24.26,-2.142,1.009,0.287,0.93,0.264,598.597,0.545,752.863,20926.088,58501.535,14048.131,120.882,583.268,40269.902,5420.942,3519.717,1.602,0.001,47.134,0.043,86.428,0.079,325.22,0.296,3865.751,6.281,3.892,3.503,6.181,3.774,1.905,3.255,2.582,1.012,0.443,5.723,1.404,0.493,0.961,1.605,3.146
India,2003,IND,1117415168.0,50.88,0.046,1059.16,37.495,3.67,1172.229,64.137,5.788,1.049,0.293,0.948,0.265,625.89,0.56,803.743,21985.246,59673.758,14674.021,122.669,633.256,40382.973,5751.557,3583.34,1.787,0.002,49.988,0.045,113.07,0.101,330.615,0.296,4004.078,5.916,3.831,3.501,5.948,3.863,1.953,3.259,2.646,0.998,0.463,5.692,1.45,0.519,0.983,1.938,3.114
India,2004,IND,1136264576.0,55.545,0.049,1125.096,65.937,6.225,1196.999,24.77,2.113,1.053,0.275,0.99,0.259,669.968,0.59,859.288,23110.342,60870.758,15343.988,124.434,682.841,40454.871,6099.792,3826.205,1.765,0.002,49.585,0.044,71.903,0.063,348.234,0.306,4347.582,6.181,3.931,3.519,6.16,3.959,2.002,3.264,2.713,0.985,0.481,5.659,1.496,0.515,0.943,1.333,3.163
India,2005,IND,1154638720.0,59.687,0.052,1185.674,60.578,5.384,1228.745,31.747,2.652,1.064,0.267,1.027,0.258,721.469,0.625,918.974,24296.016,62099.504,16065.457,126.137,733.279,40497.941,6452.167,3987.057,1.704,0.001,50.439,0.044,43.071,0.037,352.376,0.305,4603.61,6.192,4.007,3.563,6.244,4.054,2.052,3.269,2.784,0.972,0.498,5.626,1.54,0.49,0.938,0.88,3.172
India,2006,IND,1172373760.0,64.905,0.055,1292.485,106.81,9.008,1331.424,102.678,8.356,1.136,0.275,1.102,0.267,773.564,0.66,983.88,25588.5,63430.93,16839.021,127.879,815.859,40536.883,6821.862,4136.667,1.741,0.001,82.58,0.07,38.939,0.033,369.694,0.315,4849.72,6.174,4.223,3.715,6.341,4.148,2.107,3.278,2.858,0.959,0.533,5.591,1.586,0.501,1.49,0.744,3.298
India,2007,IND,1189691776.0,68.333,0.057,1392.506,100.021,7.739,1486.842,155.419,11.673,1.25,0.283,1.17,0.265,842.477,0.708,1052.213,26981.008,64917.77,17681.498,129.721,903.815,40631.219,7213.759,4423.929,1.842,0.002,87.956,0.074,94.336,0.079,391.897,0.329,5263.111,6.052,4.421,4.124,6.588,4.234,2.165,3.293,2.937,0.949,0.57,5.569,1.635,0.537,1.535,2.071,3.484
India,2008,IND,1206734848.0,73.245,0.061,1489.437,96.931,6.961,1637.771,150.929,10.151,1.357,0.294,1.234,0.267,910.795,0.755,1125.458,28470.443,66555.547,18592.293,131.609,994.092,40779.555,7626.992,4616.339,1.888,0.002,90.277,0.075,148.334,0.123,413.233,0.342,5570.697,6.406,4.648,4.453,6.898,4.33,2.227,3.314,3.022,0.94,0.604,5.553,1.685,0.564,1.532,3.129,3.688
India,2009,IND,1223640192.0,81.268,0.066,1612.216,122.779,8.243,1695.097,57.325,3.5,1.385,0.283,1.318,0.269,983.947,0.804,1206.726,30082.66,68250.641,19576.24,133.488,1106.555,40862.434,8059.651,4892.379,1.879,0.002,112.463,0.092,82.88,0.068,432.66,0.354,5986.512,6.914,5.119,4.615,7.55,4.442,2.297,3.338,3.116,0.931,0.65,5.525,1.739,0.569,1.956,1.583,3.947
India,2010,IND,1240613632.0,86.029,0.069,1677.337,65.121,4.039,1795.778,100.682,5.94,1.447,0.288,1.352,0.269,1015.983,0.819,1292.755,31759.996,70046.414,20592.225,135.192,1240.676,40980.875,8499.151,5033.775,1.704,0.001,134.121,0.108,118.441,0.095,439.5,0.354,6244.97,6.856,5.036,4.666,7.288,4.548,2.365,3.362,3.206,0.921,0.703,5.503,1.79,0.499,2.166,2.288,3.879
India,2011,IND,1257621248.0,91.314,0.073,1764.712,87.375,5.209,1862.452,66.674,3.713,1.481,0.283,1.403,0.268,1074.385,0.854,1384.069,33524.711,71908.867,21666.609,137.84,1376.936,41078.617,8959.256,5236.977,2.648,0.002,136.26,0.108,97.74,0.078,460.104,0.366,6586.134,6.768,5.125,4.697,7.293,4.649,2.434,3.387,3.298,0.917,0.753,5.477,1.843,0.737,2.138,1.873,4.054
India,2012,IND,1274487168.0,100.237,0.079,1925.7,160.987,9.123,2086.577,224.125,12.034,1.637,0.301,1.511,0.277,1206.452,0.947,1484.307,35450.41,73995.445,22873.061,141.432,1502.541,41239.492,9449.069,5447.341,3.592,0.003,125.605,0.099,160.877,0.126,489.814,0.384,6942.567,7.242,5.512,5.18,8.099,4.764,2.51,3.421,3.404,0.918,0.793,5.46,1.899,0.952,1.932,3.01,4.26
India,2013,IND,1291132032.0,107.82,0.084,1995.098,69.398,3.604,2212.392,125.815,6.03,1.714,0.308,1.545,0.278,1276.383,0.989,1592.126,37445.508,76207.844,24149.445,144.698,1613.23,41456.789,9946.01,5555.548,3.266,0.003,110.689,0.086,217.294,0.168,496.94,0.385,7172.946,7.472,5.663,5.518,8.515,4.884,2.587,3.459,3.516,0.916,0.823,5.454,1.953,0.847,1.693,4.472,4.29
India,2014,IND,1307246464.0,115.825,0.089,2148.344,153.246,7.681,2247.754,35.363,1.598,1.719,0.294,1.643,0.281,1407.057,1.076,1707.951,39593.852,78455.594,25556.5,148.227,1722.698,41556.199,10458.475,5857.284,3.529,0.003,109.467,0.084,99.411,0.076,512.465,0.392,7656.914,7.724,6.057,5.525,9.377,5.009,2.67,3.496,3.641,0.916,0.85,5.429,2.008,0.912,1.647,1.907,4.41
India,2015,IND,1322866560.0,117.508,0.089,2234.219,85.876,3.997,2386.868,139.113,6.189,1.804,0.301,1.689,0.282,1449.587,1.096,1825.459,41828.074,80842.469,27006.088,152.365,1829.568,41708.844,11014.592,5988.833,4.137,0.003,106.871,0.081,152.648,0.115,556.117,0.42,7922.428,8.135,6.3,5.808,9.887,5.136,2.754,3.538,3.769,0.919,0.874,5.41,2.068,1.077,1.575,2.711,4.679
India,2016,IND,1338636288.0,123.281,0.092,2354.658,120.439,5.391,2519.178,132.31,5.543,1.882,0.304,1.759,0.284,1499.401,1.12,1948.741,44182.73,83361.633,28505.49,156.121,1943.191,41873.363,11629.188,6184.25,3.756,0.003,113.622,0.085,164.52,0.123,614.597,0.459,8278.461,8.314,6.64,6.289,10.467,5.263,2.843,3.585,3.9,0.921,0.898,5.399,2.135,1.004,1.63,3.577,5.119
India,2017,IND,1354195712.0,121.047,0.089,2426.607,71.949,3.056,2547.878,28.7,1.139,1.881,0.296,1.792,0.282,1551.256,1.146,2069.788,46609.336,85909.523,30056.744,158.944,2062.113,41994.637,12261.747,6346.354,2.823,0.002,118.922,0.088,121.271,0.09,632.558,0.467,8594.206,8.046,6.736,6.277,10.706,5.372,2.931,3.631,4.033,0.917,0.923,5.383,2.202,0.729,1.67,2.657,5.177
India,2018,IND,1369003264.0,138.965,0.102,2593.058,166.451,6.859,2718.08,170.203,6.68,1.985,0.299,1.894,0.286,1668.318,1.219,2208.753,49202.395,88627.594,31725.062,161.434,2188.314,42119.66,12918.831,6633.665,2.49,0.002,126.201,0.092,125.022,0.091,657.084,0.48,9081.509,8.875,7.053,6.621,11.33,5.509,3.024,3.682,4.174,0.91,0.948,5.369,2.269,0.611,1.683,2.918,5.356
India,2019,IND,1383112064.0,143.664,0.104,2612.888,19.83,0.765,2708.915,-9.166,-0.337,1.959,0.291,1.889,0.281,1661.94,1.202,2352.417,51815.281,91336.516,33387.0,163.888,2316.99,42215.688,13594.984,6731.805,2.454,0.002,128.676,0.093,96.027,0.069,676.154,0.489,9310.841,8.891,7.054,6.506,11.318,5.64,3.114,3.73,4.309,0.902,0.971,5.35,2.337,0.564,1.688,2.089,5.463
India,2020,IND,1396387072.0,122.908,0.088,2421.552,-191.336,-7.323,2494.395,-214.52,-7.919,1.786,0.283,1.734,0.275,1561.799,1.118,2475.325,54236.836,93830.906,34948.801,166.694,2444.984,42288.523,14201.029,6317.096,2.806,0.002,127.994,0.092,72.843,0.052,606.045,0.434,8821.111,7.526,6.917,6.347,10.979,5.711,3.192,3.772,4.43,0.897,0.993,5.33,2.397,0.704,1.694,1.696,5.56
India,2021,IND,1407563904.0,149.033,0.106,2674.222,252.67,10.434,2725.703,231.308,9.273,1.936,0.284,1.9,0.279,1767.297,1.256,2624.359,56911.059,96556.617,36716.098,169.465,2578.176,42340.008,14822.958,6809.62,2.772,0.002,133.192,0.095,51.481,0.037,621.928,0.442,9584.976,8.806,7.264,6.626,11.796,5.827,3.279,3.818,4.567,0.893,1.015,5.308,2.454,0.687,1.681,1.191,5.401
India,2022,IND,1417173120.0,164.323,0.116,2829.644,155.422,5.812,2864.052,138.349,5.076,2.021,0.283,1.997,0.28,1854.258,1.308,2788.681,59740.699,99420.656,38570.355,172.389,2702.185,42374.418,15507.09,7143.406,2.924,0.002,124.009,0.088,34.408,0.024,684.131,0.483,10123.443,10.235,7.617,6.908,12.184,5.979,3.37,3.868,4.708,0.89,1.032,5.284,2.518,0.736,1.6,0.798,5.76
Mexico,1990,MEX,81720424.0,10.736,0.131,317.042,-6.438,-1.99,600.646,4.012,0.672,7.35,0.455,3.88,0.24,15.895,0.194,190.762,7325.126,18039.049,403.387,285.876,1016.227,12243.076,5428.875,16141.271,1.847,0.023,52.923,0.648,283.603,3.47,235.642,2.884,1319.072,2.175,1.393,2.151,0.183,1.558,0.907,1.254,0.092,3.497,1.284,1.926,2.018,0.714,1.382,5.489,2.549
Mexico,1991,MEX,83351600.0,10.955,0.131,330.133,13.091,4.129,513.803,-86.843,-14.458,6.164,0.378,3.961,0.243,15.51,0.186,201.717,7655.26,18552.85,418.896,287.744,1071.495,12426.746,5675.407,16288.587,1.869,0.022,55.268,0.663,183.669,2.204,246.532,2.958,1357.68,2.159,1.421,1.824,0.18,1.582,0.921,1.265,0.094,3.405,1.29,1.94,2.036,0.682,1.414,3.713,2.539
Mexico,1992,MEX,84993160.0,11.751,0.138,332.78,2.647,0.802,470.589,-43.214,-8.411,5.537,0.34,3.915,0.24,14.806,0.174,213.468,7988.04,19023.439,433.703,289.635,1127.107,12564.555,5924.126,16284.947,1.891,0.022,55.612,0.654,137.809,1.621,248.72,2.926,1384.109,2.223,1.475,1.693,0.176,1.607,0.936,1.273,0.095,3.332,1.295,1.946,2.058,0.781,1.404,2.638,2.7
Mexico,1993,MEX,86648440.0,12.389,0.143,338.067,5.287,1.589,465.493,-5.096,-1.083,5.372,0.336,3.902,0.244,18.203,0.21,225.857,8326.107,19488.934,451.905,292.247,1182.173,12691.98,6173.924,15988.583,2.612,0.03,55.066,0.636,127.426,1.471,249.797,2.883,1385.386,2.247,1.483,1.667,0.214,1.633,0.95,1.28,0.098,3.274,1.298,1.95,2.078,1.116,1.354,2.484,2.71
Mexico,1994,MEX,88314416.0,13.836,0.157,351.843,13.776,4.075,486.884,21.391,4.595,5.513,0.332,3.984,0.24,20.247,0.229,239.693,8677.95,19975.816,472.153,295.054,1239.075,12827.021,6431.976,16584.426,2.806,0.032,56.902,0.644,135.041,1.529,258.052,2.922,1464.644,2.351,1.527,1.69,0.237,1.662,0.965,1.287,0.1,3.193,1.302,1.954,2.099,0.891,1.387,2.338,2.789
Mexico,1995,MEX,89969568.0,11.033,0.123,331.143,-20.7,-5.883,457.73,-29.153,-5.988,5.088,0.318,3.681,0.23,22.266,0.247,250.726,9009.093,20433.547,494.419,298.733,1295.996,12953.608,6669.219,15998.047,3.679,0.041,56.92,0.633,126.588,1.407,237.244,2.637,1439.337,1.773,1.408,1.57,0.253,1.667,0.976,1.293,0.103,3.123,1.304,1.956,2.112,1.127,1.352,2.245,2.54
Mexico,1996,MEX,91586560.0,12.272,0.134,341.765,10.622,3.208,453.648,-4.082,-0.892,4.953,0.307,3.732,0.231,25.197,0.275,262.998,9350.857,20887.195,519.616,303.441,1358.741,13065.491,6906.062,16125.593,4.708,0.051,62.745,0.685,111.884,1.222,236.842,2.586,1476.888,1.932,1.409,1.5,0.279,1.677,0.987,1.297,0.106,3.06,1.309,1.955,2.123,1.343,1.427,1.866,2.462
Mexico,1997,MEX,93183088.0,12.907,0.139,362.68,20.915,6.12,492.079,38.43,8.471,5.281,0.325,3.892,0.24,25.574,0.274,275.905,9713.537,21379.275,545.19,309.666,1424.513,13194.891,7158.263,16233.624,6.225,0.067,65.772,0.706,129.399,1.389,252.202,2.707,1512.699,1.953,1.487,1.544,0.285,1.688,1.0,1.301,0.109,3.015,1.317,1.953,2.136,1.764,1.49,1.73,2.582
Mexico,1998,MEX,94767288.0,13.412,0.142,381.308,18.628,5.136,522.594,30.515,6.201,5.514,0.332,4.024,0.242,26.267,0.277,289.318,10094.845,21901.867,571.457,315.931,1495.601,13336.177,7422.538,16610.916,6.266,0.066,71.088,0.75,141.286,1.491,264.274,2.789,1574.172,2.037,1.567,1.714,0.301,1.702,1.014,1.309,0.113,2.978,1.327,1.956,2.151,1.861,1.585,2.292,2.671
Mexico,1999,MEX,96334808.0,13.901,0.144,386.27,4.963,1.301,507.452,-15.142,-2.898,5.268,0.318,4.01,0.242,26.003,0.27,303.219,10481.115,22409.32,597.461,321.091,1565.404,13457.357,7693.941,16578.275,5.159,0.054,69.803,0.725,121.181,1.258,271.403,2.817,1597.065,2.013,1.555,1.646,0.293,1.714,1.027,1.315,0.116,2.936,1.335,1.956,2.166,1.563,1.519,2.018,2.678
Mexico,2000,MEX,97873448.0,14.567,0.149,391.725,5.455,1.412,518.63,11.178,2.203,5.299,0.306,4.002,0.231,26.7,0.273,317.786,10872.84,22927.949,624.16,326.474,1646.605,13584.263,7957.815,17300.662,5.383,0.055,81.202,0.83,126.905,1.297,263.874,2.696,1693.276,2.019,1.536,1.68,0.29,1.726,1.039,1.321,0.119,2.893,1.35,1.959,2.178,1.55,1.716,2.361,2.567
Mexico,2001,MEX,99394288.0,14.059,0.141,407.731,16.006,4.086,514.238,-4.392,-0.847,5.174,0.306,4.102,0.243,30.638,0.308,331.845,11280.571,23442.188,654.799,331.043,1729.492,13690.771,8233.393,16898.289,4.57,0.046,82.887,0.834,106.507,1.072,275.577,2.773,1679.593,1.865,1.588,1.674,0.331,1.732,1.052,1.328,0.123,2.849,1.364,1.961,2.191,1.361,1.743,2.115,2.661
Mexico,2002,MEX,100917080.0,14.548,0.144,410.506,2.775,0.681,510.31,-3.928,-0.764,5.057,0.297,4.068,0.239,34.701,0.344,346.393,11691.076,23952.496,689.5,334.77,1821.663,13790.574,8498.751,17044.275,3.727,0.037,92.171,0.913,99.804,0.989,265.359,2.629,1720.058,1.861,1.564,1.613,0.358,1.737,1.065,1.333,0.127,2.803,1.384,1.96,2.201,1.148,1.879,1.853,2.567
Mexico,2003,MEX,102429344.0,14.65,0.143,436.18,25.674,6.254,528.815,18.505,3.626,5.163,0.304,4.258,0.251,42.458,0.415,361.043,12127.257,24481.312,731.958,338.743,1923.566,13883.21,8771.946,16996.574,3.973,0.039,101.903,0.995,92.635,0.904,273.195,2.667,1740.948,1.703,1.578,1.579,0.403,1.735,1.077,1.337,0.132,2.756,1.407,1.957,2.211,1.153,2.005,1.588,2.573
Mexico,2004,MEX,103945816.0,15.346,0.148,438.8,2.62,0.601,518.596,-10.219,-1.932,4.989,0.281,4.221,0.238,37.882,0.364,376.389,12566.056,24999.908,769.84,341.932,2029.213,13963.006,9048.683,17731.264,3.189,0.031,105.647,1.016,79.796,0.768,276.736,2.662,1843.091,1.708,1.533,1.525,0.348,1.734,1.088,1.341,0.136,2.707,1.429,1.953,2.219,0.931,2.008,1.479,2.513
Mexico,2005,MEX,105442400.0,16.674,0.158,463.644,24.844,5.662,535.211,16.615,3.204,5.076,0.265,4.397,0.23,46.808,0.444,393.062,13029.7,25535.119,816.648,345.456,2134.729,14034.572,9339.806,19153.719,3.524,0.033,105.516,1.001,71.567,0.679,291.123,2.761,2019.614,1.73,1.567,1.552,0.405,1.734,1.1,1.344,0.142,2.661,1.448,1.95,2.23,1.013,1.963,1.463,2.621
Mexico,2006,MEX,106886792.0,17.818,0.167,474.744,11.1,2.394,550.285,15.074,2.816,5.148,0.269,4.442,0.232,50.288,0.47,410.88,13504.444,26085.402,866.936,349.468,2252.666,14110.112,9624.494,19171.469,4.012,0.038,117.937,1.103,75.54,0.707,284.689,2.663,2049.177,1.695,1.551,1.535,0.412,1.732,1.112,1.348,0.147,2.622,1.473,1.946,2.238,1.154,2.127,1.443,2.539
Mexico,2007,MEX,108302976.0,18.973,0.175,473.748,-0.996,-0.21,516.628,-33.657,-6.116,4.77,0.25,4.374,0.229,45.84,0.423,429.853,13978.191,26602.031,912.776,354.479,2369.94,14152.993,9911.144,19098.814,5.012,0.046,117.274,1.083,42.88,0.396,286.649,2.647,2068.458,1.68,1.504,1.433,0.358,1.73,1.122,1.349,0.152,2.593,1.494,1.94,2.246,1.46,2.047,0.941,2.548
Mexico,2008,MEX,109684496.0,18.638,0.17,473.107,-0.641,-0.135,490.214,-26.414,-5.113,4.469,0.228,4.313,0.22,40.784,0.372,448.491,14451.299,27092.244,953.56,361.2,2488.507,14170.1,10199.541,19633.797,6.721,0.061,118.567,1.081,17.106,0.156,288.397,2.629,2153.523,1.63,1.477,1.333,0.309,1.725,1.131,1.349,0.155,2.579,1.512,1.93,2.254,2.008,2.012,0.361,2.574
Mexico,2009,MEX,111049424.0,17.863,0.161,460.417,-12.69,-2.682,454.493,-35.721,-7.287,4.093,0.215,4.146,0.217,40.813,0.368,466.354,14911.718,27546.738,994.374,366.768,2611.94,14164.176,10472.282,19065.637,5.568,0.05,123.433,1.112,-5.924,-0.053,272.741,2.456,2117.228,1.52,1.462,1.237,0.313,1.717,1.139,1.347,0.158,2.558,1.534,1.915,2.259,1.685,2.147,-0.113,2.488
Mexico,2010,MEX,112532400.0,17.046,0.151,456.597,-3.82,-0.83,460.935,6.442,1.417,4.096,0.217,4.057,0.215,51.054,0.454,483.4,15368.313,28007.674,1045.428,371.465,2736.061,14168.514,10731.96,18870.824,4.697,0.042,124.122,1.103,4.338,0.039,259.679,2.308,2123.579,1.358,1.371,1.198,0.366,1.701,1.144,1.344,0.163,2.531,1.55,1.902,2.26,1.376,2.004,0.084,2.292
Mexico,2011,MEX,114150480.0,17.771,0.156,483.405,26.807,5.871,457.64,-3.295,-0.715,4.009,0.206,4.235,0.218,56.041,0.491,501.17,15851.719,28465.314,1101.469,377.839,2866.768,14142.75,11004.473,19447.846,6.374,0.056,130.707,1.145,-25.764,-0.226,272.512,2.387,2219.981,1.317,1.404,1.154,0.38,1.683,1.151,1.341,0.168,2.513,1.568,1.886,2.264,1.773,2.051,-0.494,2.401
Mexico,2012,MEX,115755912.0,18.411,0.159,501.569,18.164,3.758,471.128,13.487,2.947,4.07,0.21,4.333,0.224,49.223,0.425,519.582,16353.288,28936.441,1150.692,385.889,3002.494,14112.309,11294.631,19349.783,8.05,0.07,135.727,1.173,-30.441,-0.263,290.158,2.507,2239.852,1.33,1.436,1.17,0.33,1.668,1.158,1.338,0.171,2.503,1.586,1.868,2.27,2.134,2.087,-0.57,2.524
Mexico,2013,MEX,117290680.0,17.437,0.149,495.485,-6.084,-1.213,460.741,-10.387,-2.205,3.928,0.206,4.224,0.221,49.977,0.426,537.019,16848.773,29397.182,1200.669,393.989,3144.771,14077.563,11572.325,19108.689,8.1,0.069,142.277,1.213,-34.744,-0.296,277.695,2.368,2241.271,1.208,1.406,1.149,0.333,1.647,1.164,1.334,0.175,2.494,1.605,1.852,2.272,2.101,2.177,-0.715,2.397
Mexico,2014,MEX,118755888.0,18.259,0.154,484.114,-11.371,-2.295,633.081,172.341,37.405,5.331,0.284,4.077,0.217,48.944,0.412,555.278,17332.887,30030.264,1249.613,403.122,3283.274,14226.531,11841.6,18757.031,9.133,0.077,138.503,1.166,148.968,1.254,269.275,2.267,2227.508,1.218,1.365,1.556,0.326,1.628,1.169,1.338,0.178,2.49,1.621,1.859,2.273,2.36,2.084,2.857,2.317
Mexico,2015,MEX,120149896.0,19.16,0.159,479.52,-4.594,-0.949,712.46,79.378,12.538,5.93,0.323,3.991,0.218,44.114,0.367,574.438,17812.406,30742.725,1293.727,412.517,3431.251,14459.471,12100.474,18335.252,9.394,0.078,147.977,1.232,232.94,1.939,258.874,2.155,2202.979,1.326,1.352,1.734,0.301,1.616,1.173,1.345,0.181,2.489,1.639,1.875,2.271,2.445,2.181,4.137,2.178
Mexico,2016,MEX,121519224.0,20.599,0.17,479.79,0.27,0.056,804.675,92.215,12.943,6.622,0.357,3.948,0.213,47.621,0.392,595.037,18292.195,31547.398,1341.348,421.039,3582.706,14784.356,12352.066,18538.975,8.522,0.07,151.455,1.246,324.885,2.674,251.592,2.07,2252.842,1.389,1.353,2.009,0.332,1.607,1.177,1.357,0.184,2.485,1.656,1.906,2.267,2.277,2.173,7.064,2.095
Mexico,2017,MEX,122839256.0,20.877,0.17,465.621,-14.169,-2.953,711.126,-93.548,-11.626,5.789,0.31,3.79,0.203,48.53,0.395,615.914,18757.816,32258.525,1389.877,428.162,3725.958,15029.861,12597.906,18689.648,7.123,0.058,143.251,1.166,245.505,1.999,245.84,2.001,2295.823,1.388,1.292,1.752,0.335,1.599,1.18,1.364,0.186,2.47,1.668,1.926,2.262,1.838,2.012,5.378,2.012
Mexico,2018,MEX,124013864.0,20.864,0.168,470.286,4.665,1.002,752.269,41.143,5.786,6.066,0.332,3.792,0.208,47.313,0.382,636.778,19228.104,33010.793,1437.191,435.522,3891.864,15311.846,12826.749,18269.648,7.36,0.059,165.906,1.338,281.983,2.274,228.842,1.845,2265.69,1.332,1.279,1.832,0.321,1.588,1.182,1.372,0.189,2.455,1.685,1.952,2.253,1.807,2.213,6.58,1.865
Mexico,2019,MEX,125085312.0,19.498,0.156,468.322,-1.964,-0.418,773.325,21.056,2.799,6.182,0.345,3.744,0.209,45.268,0.362,656.276,19696.426,33784.121,1482.459,443.952,4048.964,15616.848,13064.774,17903.295,8.43,0.067,157.1,1.256,305.003,2.438,238.026,1.903,2239.439,1.207,1.264,1.857,0.308,1.573,1.184,1.38,0.191,2.443,1.697,1.979,2.246,1.936,2.061,6.634,1.923
Mexico,2020,MEX,125998296.0,20.65,0.164,442.289,-26.033,-5.559,760.773,-12.552,-1.623,6.038,0.369,3.51,0.214,33.705,0.268,676.926,20138.715,34544.895,1516.164,454.794,4232.427,15935.332,13258.402,16382.68,10.842,0.086,183.464,1.456,318.484,2.528,193.628,1.537,2064.19,1.265,1.263,1.936,0.237,1.562,1.185,1.389,0.192,2.448,1.72,2.009,2.238,2.721,2.428,7.415,1.776
Mexico,2021,MEX,126705136.0,22.259,0.176,468.791,26.502,5.992,807.686,46.913,6.166,6.375,0.364,3.7,0.211,28.088,0.222,699.185,20607.506,35352.578,1544.252,467.031,4421.287,16274.228,13475.751,17515.205,12.237,0.097,188.86,1.491,338.895,2.675,217.348,1.715,2219.266,1.315,1.273,1.963,0.187,1.552,1.187,1.398,0.192,2.461,1.74,2.04,2.231,3.033,2.384,7.842,1.888
Mexico,2022,MEX,127504120.0,21.534,0.169,511.972,43.181,9.211,862.686,54.999,6.809,6.766,0.356,4.015,0.211,35.11,0.275,720.719,21119.479,36215.262,1579.361,477.687,4609.068,16624.941,13732.643,19009.186,10.656,0.084,187.781,1.473,350.714,2.751,256.892,2.015,2423.75,1.341,1.378,2.081,0.231,1.545,1.191,1.409,0.193,2.465,1.761,2.073,2.23,2.681,2.423,8.137,2.163
South Korea,1990,KOR,44120040.0,15.873,0.36,250.511,27.0,12.08,246.122,26.897,12.269,5.578,0.231,5.678,0.235,94.308,2.138,181.308,3119.261,3272.34,1425.195,0.0,22.438,211.406,1487.37,24162.186,0.0,0.0,6.433,0.146,-4.389,-0.099,130.947,2.968,1066.037,3.216,1.101,0.882,1.084,1.481,0.386,0.227,0.326,0.0,0.028,0.033,0.553,0.0,0.168,-0.085,1.416
South Korea,1991,KOR,44487412.0,18.962,0.426,275.688,25.177,10.05,271.039,24.917,10.124,6.092,0.225,6.197,0.229,94.094,2.115,200.27,3394.949,3543.379,1519.289,0.0,29.88,206.757,1639.041,27100.135,0.0,0.0,7.441,0.167,-4.65,-0.105,151.671,3.409,1205.615,3.737,1.187,0.962,1.092,1.57,0.408,0.242,0.341,0.0,0.036,0.032,0.588,0.0,0.19,-0.094,1.562
South Korea,1992,KOR,44703708.0,21.129,0.473,299.905,24.217,8.784,295.965,24.926,9.196,6.621,0.218,6.709,0.221,91.32,2.043,221.399,3694.855,3839.344,1610.609,0.0,39.613,202.816,1813.012,30416.184,0.0,0.0,9.733,0.218,-3.941,-0.088,173.971,3.892,1359.716,3.997,1.329,1.065,1.086,1.667,0.433,0.257,0.354,0.0,0.046,0.031,0.63,0.0,0.246,-0.075,1.889
South Korea,1993,KOR,44932856.0,24.7,0.55,330.174,30.269,10.093,325.823,29.858,10.088,7.251,0.219,7.348,0.221,99.62,2.217,246.1,4025.029,4165.167,1710.229,0.0,51.772,198.465,2002.439,33184.629,0.0,0.0,12.159,0.271,-4.351,-0.097,189.427,4.216,1491.08,4.481,1.448,1.167,1.17,1.779,0.459,0.274,0.369,0.0,0.057,0.03,0.674,0.0,0.299,-0.085,2.055
South Korea,1994,KOR,45165784.0,26.84,0.594,355.695,25.521,7.73,350.457,24.634,7.561,7.759,0.218,7.875,0.221,101.801,2.254,272.94,4380.724,4515.624,1812.031,0.0,67.957,193.227,2209.012,35601.617,0.0,0.0,16.186,0.358,-5.238,-0.116,206.573,4.574,1607.975,4.561,1.544,1.216,1.189,1.893,0.487,0.291,0.384,0.0,0.071,0.029,0.721,0.0,0.395,-0.091,2.232
South Korea,1995,KOR,45393416.0,28.105,0.619,383.665,27.971,7.864,377.225,26.768,7.638,8.31,0.215,8.452,0.218,105.3,2.32,301.044,4764.389,4892.849,1917.331,0.0,87.531,186.787,2435.091,38704.719,0.0,0.0,19.574,0.431,-6.44,-0.142,226.079,4.98,1756.939,4.516,1.631,1.293,1.196,2.001,0.516,0.31,0.399,0.0,0.088,0.028,0.771,0.0,0.465,-0.114,2.421
South Korea,1996,KOR,45660164.0,28.309,0.62,420.996,37.331,9.73,414.345,37.119,9.84,9.075,0.214,9.22,0.217,122.689,2.687,329.353,5185.385,5307.193,2040.02,0.0,113.39,180.135,2674.562,42497.312,0.0,0.0,25.859,0.566,-6.651,-0.146,239.471,5.245,1940.434,4.457,1.736,1.37,1.36,2.101,0.547,0.329,0.417,0.0,0.109,0.027,0.822,0.0,0.588,-0.111,2.489
South Korea,1997,KOR,45962392.0,29.32,0.638,444.968,23.972,5.694,438.421,24.076,5.811,9.539,0.206,9.681,0.209,133.313,2.9,358.673,5630.353,5745.614,2173.333,0.0,144.818,173.588,2920.632,46366.664,0.0,0.0,31.427,0.684,-6.547,-0.142,246.07,5.354,2131.123,4.437,1.824,1.375,1.485,2.195,0.579,0.35,0.436,0.0,0.134,0.026,0.872,0.0,0.712,-0.088,2.519
South Korea,1998,KOR,46250260.0,22.879,0.495,378.038,-66.93,-15.042,372.239,-66.182,-15.095,8.048,0.191,8.174,0.194,137.598,2.975,381.552,6008.391,6117.853,2310.931,0.0,174.217,167.79,3104.219,42134.332,0.0,0.0,29.399,0.636,-5.799,-0.125,183.586,3.969,1948.724,3.475,1.554,1.221,1.575,2.245,0.603,0.366,0.456,0.0,0.155,0.025,0.9,0.0,0.655,-0.094,1.856
South Korea,1999,KOR,46520448.0,23.719,0.51,410.519,32.481,8.592,407.679,35.44,9.521,8.763,0.192,8.824,0.193,145.635,3.131,405.272,6418.909,6525.533,2456.566,0.0,210.014,164.95,3304.847,45648.047,0.0,0.0,35.797,0.769,-2.84,-0.061,200.628,4.313,2123.568,3.435,1.653,1.322,1.643,2.291,0.629,0.383,0.476,0.0,0.179,0.024,0.931,0.0,0.779,-0.047,1.979
South Korea,2000,KOR,46788588.0,24.756,0.529,439.981,29.462,7.177,434.682,27.003,6.624,9.29,0.194,9.404,0.196,163.883,3.503,430.027,6858.89,6960.215,2620.449,0.0,250.218,159.652,3511.076,48001.297,0.0,0.0,40.204,0.859,-5.298,-0.113,206.229,4.408,2245.913,3.432,1.725,1.408,1.78,2.336,0.656,0.401,0.499,0.0,0.205,0.023,0.961,0.0,0.85,-0.099,2.006
South Korea,2001,KOR,47064784.0,25.665,0.545,455.631,15.65,3.557,449.641,14.958,3.441,9.554,0.195,9.681,0.198,174.626,3.71,455.693,7314.521,7409.856,2795.075,0.0,294.382,153.662,3717.158,48871.348,0.0,0.0,44.163,0.938,-5.99,-0.127,206.083,4.379,2300.119,3.404,1.775,1.464,1.886,2.378,0.682,0.42,0.523,0.0,0.232,0.022,0.989,0.0,0.929,-0.119,1.99
South Korea,2002,KOR,47320664.0,27.107,0.573,476.065,20.434,4.485,470.238,20.598,4.581,9.937,0.195,10.06,0.198,187.637,3.965,482.8,7790.585,7880.094,2982.711,0.0,343.451,147.836,3924.274,50846.504,0.0,0.0,49.069,1.037,-5.827,-0.123,207.116,4.377,2406.09,3.467,1.814,1.487,1.938,2.42,0.709,0.438,0.548,0.0,0.261,0.021,1.016,0.0,1.0,-0.108,2.004
South Korea,2003,KOR,47539740.0,27.92,0.587,485.213,9.148,1.922,479.437,9.199,1.956,10.085,0.193,10.206,0.195,195.319,4.109,510.72,8275.798,8359.531,3178.031,0.0,394.851,142.06,4129.646,52236.246,0.0,0.0,51.401,1.081,-5.775,-0.121,205.372,4.32,2483.298,3.247,1.755,1.432,1.856,2.455,0.735,0.457,0.573,0.0,0.289,0.02,1.041,0.0,1.011,-0.099,1.934
South Korea,2004,KOR,47727288.0,26.124,0.547,491.389,6.177,1.273,486.216,6.779,1.414,10.187,0.191,10.296,0.193,203.138,4.256,536.844,8767.188,8845.748,3381.169,0.0,455.085,136.887,4325.902,53247.426,0.0,0.0,60.234,1.262,-5.173,-0.108,196.256,4.112,2541.355,2.907,1.717,1.429,1.868,2.473,0.759,0.474,0.598,0.0,0.32,0.019,1.061,0.0,1.145,-0.096,1.782
South Korea,2005,KOR,47889576.0,23.326,0.487,498.688,7.299,1.485,493.179,6.963,1.432,10.298,0.188,10.413,0.19,209.293,4.37,560.17,9265.876,9338.927,3590.462,0.0,520.355,131.378,4520.972,54864.957,0.0,0.0,65.27,1.363,-5.509,-0.115,195.069,4.073,2627.459,2.42,1.685,1.43,1.811,2.471,0.783,0.492,0.622,0.0,0.353,0.018,1.079,0.0,1.214,-0.113,1.756
South Korea,2006,KOR,48049348.0,23.14,0.482,503.478,4.79,0.96,498.025,4.846,0.983,10.365,0.186,10.478,0.189,216.428,4.504,583.309,9769.354,9836.952,3806.89,0.0,588.35,125.925,4711.026,55579.965,0.0,0.0,67.995,1.415,-5.453,-0.113,190.054,3.955,2670.581,2.201,1.645,1.39,1.774,2.459,0.804,0.508,0.646,0.0,0.385,0.017,1.095,0.0,1.227,-0.104,1.695
South Korea,2007,KOR,48220600.0,26.275,0.545,521.709,18.231,3.621,516.352,18.327,3.68,10.708,0.188,10.819,0.19,228.427,4.737,609.584,10291.062,10353.305,4035.317,0.0,661.72,120.568,4898.284,57040.523,0.0,0.0,73.37,1.522,-5.357,-0.111,187.258,3.883,2750.528,2.327,1.656,1.432,1.786,2.453,0.826,0.525,0.67,0.0,0.417,0.017,1.11,0.0,1.28,-0.118,1.665
South Korea,2008,KOR,48398632.0,26.08,0.539,532.651,10.942,2.097,527.158,10.806,2.093,10.892,0.189,11.005,0.19,253.041,5.228,635.664,10823.714,10880.462,4288.359,0.0,737.644,115.075,5069.373,57774.648,0.0,0.0,75.924,1.569,-5.493,-0.113,171.088,3.535,2796.214,2.281,1.662,1.433,1.916,2.446,0.847,0.542,0.697,0.0,0.448,0.016,1.12,0.0,1.288,-0.116,1.527
South Korea,2009,KOR,48588024.0,24.553,0.505,537.82,5.169,0.97,532.836,5.678,1.077,10.966,0.19,11.069,0.191,262.395,5.4,660.218,11361.534,11413.298,4550.753,0.0,809.815,110.092,5242.081,57865.918,0.0,0.0,72.171,1.485,-4.983,-0.103,172.708,3.555,2811.591,2.089,1.708,1.451,2.013,2.43,0.867,0.558,0.724,0.0,0.476,0.015,1.131,0.0,1.255,-0.095,1.576
South Korea,2010,KOR,48813036.0,24.297,0.498,594.339,56.519,10.509,588.716,55.879,10.487,12.061,0.194,12.176,0.196,295.05,6.044,684.515,11955.873,12002.015,4845.804,0.0,901.357,104.469,5418.237,62221.305,0.0,0.0,91.541,1.875,-5.623,-0.115,176.156,3.609,3037.211,1.936,1.784,1.53,2.116,2.408,0.89,0.576,0.755,0.0,0.511,0.014,1.141,0.0,1.478,-0.109,1.555
South Korea,2011,KOR,49169880.0,24.721,0.503,623.443,29.104,4.897,621.962,33.246,5.647,12.649,0.196,12.679,0.196,320.169,6.511,709.236,12579.315,12623.977,5165.973,0.0,999.87,102.987,5589.706,64630.859,0.0,0.0,98.513,2.004,-1.481,-0.03,171.469,3.487,3177.892,1.832,1.81,1.568,2.173,2.382,0.913,0.595,0.786,0.0,0.547,0.014,1.15,0.0,1.546,-0.028,1.511
South Korea,2012,KOR,49634188.0,24.849,0.501,627.943,4.5,0.722,624.068,2.106,0.339,12.573,0.194,12.651,0.195,316.99,6.387,734.084,13207.258,13248.044,5482.962,0.0,1106.436,99.113,5760.523,64802.52,0.0,0.0,106.566,2.147,-3.875,-0.078,170.817,3.442,3216.42,1.795,1.797,1.549,2.128,2.356,0.935,0.612,0.816,0.0,0.584,0.013,1.158,0.0,1.639,-0.072,1.486
South Korea,2013,KOR,50098228.0,25.05,0.5,634.581,6.638,1.057,630.1,6.031,0.966,12.577,0.195,12.667,0.197,320.644,6.4,759.134,13841.839,13878.144,5803.606,0.0,1217.967,94.631,5929.105,64441.535,0.0,0.0,111.531,2.226,-4.481,-0.089,168.582,3.365,3228.407,1.736,1.801,1.572,2.139,2.329,0.956,0.63,0.845,0.0,0.622,0.012,1.164,0.0,1.706,-0.092,1.455
South Korea,2014,KOR,50558044.0,25.412,0.503,629.366,-5.214,-0.822,624.948,-5.152,-0.818,12.361,0.192,12.448,0.193,331.304,6.553,784.546,14471.206,14503.091,6134.91,0.0,1319.412,90.213,6090.639,64414.168,0.0,0.0,101.445,2.007,-4.418,-0.087,161.534,3.195,3256.654,1.695,1.775,1.536,2.208,2.301,0.976,0.646,0.874,0.0,0.651,0.012,1.169,0.0,1.526,-0.085,1.39
South Korea,2015,KOR,50994396.0,25.779,0.506,634.177,4.811,0.764,629.238,4.29,0.686,12.339,0.19,12.436,0.191,335.411,6.577,810.325,15105.383,15132.33,6470.321,0.0,1412.001,85.274,6261.232,64988.355,0.0,0.0,92.589,1.816,-4.939,-0.097,170.594,3.345,3314.042,1.785,1.788,1.531,2.288,2.28,0.995,0.662,0.903,0.0,0.675,0.011,1.175,0.0,1.365,-0.088,1.435
South Korea,2016,KOR,51309984.0,26.672,0.52,637.914,3.737,0.589,632.877,3.639,0.578,12.334,0.185,12.433,0.187,320.697,6.25,836.997,15743.297,15765.207,6791.019,0.0,1508.656,80.237,6445.267,66508.258,0.0,0.0,96.655,1.884,-5.037,-0.098,184.034,3.587,3412.538,1.799,1.799,1.58,2.239,2.261,1.013,0.678,0.929,0.0,0.697,0.01,1.183,0.0,1.387,-0.11,1.533
South Korea,2017,KOR,51511640.0,26.351,0.512,654.537,16.623,2.606,649.466,16.589,2.621,12.608,0.188,12.707,0.19,337.669,6.555,863.347,16397.834,16414.674,7128.688,0.0,1609.517,75.166,6624.68,66910.398,0.0,0.0,100.861,1.958,-5.071,-0.098,179.413,3.483,3446.665,1.751,1.817,1.6,2.33,2.241,1.031,0.694,0.956,0.0,0.72,0.01,1.189,0.0,1.416,-0.111,1.468
South Korea,2018,KOR,51676900.0,24.702,0.478,670.169,15.631,2.388,664.409,14.942,2.301,12.857,0.19,12.968,0.191,340.348,6.586,888.049,17068.004,17079.082,7469.035,0.0,1726.69,69.406,6802.313,67828.93,0.0,0.0,117.173,2.267,-5.76,-0.111,177.633,3.437,3505.189,1.578,1.823,1.618,2.311,2.215,1.049,0.71,0.983,0.0,0.748,0.009,1.195,0.0,1.563,-0.134,1.448
South Korea,2019,KOR,51803832.0,24.93,0.481,646.102,-24.066,-3.591,640.011,-24.397,-3.672,12.355,0.185,12.472,0.186,321.606,6.208,912.979,17714.104,17719.094,7790.641,0.0,1840.276,63.315,6978.11,66896.133,0.0,0.0,113.586,2.193,-6.091,-0.118,175.797,3.394,3465.476,1.543,1.744,1.537,2.19,2.189,1.065,0.724,1.006,0.0,0.771,0.008,1.2,0.0,1.49,-0.132,1.42
South Korea,2020,KOR,51844688.0,22.866,0.441,597.634,-48.468,-7.502,591.513,-48.499,-7.578,11.409,0.177,11.527,0.179,282.883,5.456,935.845,18311.74,18310.607,8073.524,0.0,1956.911,57.194,7143.178,64311.133,0.0,0.0,116.635,2.25,-6.121,-0.118,165.068,3.184,3334.191,1.4,1.707,1.505,1.989,2.159,1.078,0.736,1.023,0.0,0.795,0.007,1.206,0.0,1.544,-0.143,1.514
South Korea,2021,KOR,51830136.0,23.704,0.457,616.075,18.441,3.086,609.634,18.121,3.063,11.762,0.175,11.886,0.177,283.908,5.478,959.549,18927.814,18920.24,8357.433,0.006,2083.7,50.753,7314.663,67330.305,0.006,0.0,126.79,2.446,-6.441,-0.124,171.484,3.309,3489.739,1.401,1.673,1.482,1.895,2.131,1.09,0.748,1.04,0.0,0.82,0.006,1.211,0.002,1.6,-0.149,1.489
South Korea,2022,KOR,51815808.0,23.409,0.452,600.999,-15.076,-2.447,594.387,-15.246,-2.501,11.471,0.168,11.599,0.17,268.032,5.173,982.958,19528.814,19514.629,8625.464,0.012,2209.363,44.141,7488.37,68126.188,0.006,0.0,125.663,2.425,-6.612,-0.128,173.707,3.352,3530.013,1.458,1.618,1.434,1.761,2.107,1.102,0.759,1.053,0.0,0.844,0.006,1.216,0.002,1.622,-0.153,1.462
